uts,artist,artist_mbid,album,album_mbid,title,track_mbid,fechahora
1640351615,recetasdeescandalo.com,,,,Bizcocho de limón y yogur muy esponjoso. ¡Receta fácil!,,2021-12-24 14:13:35
1440270788,Toundra,68766d21-1668-4e06-b49d-e881446afc02,IV,,Strelka,44be9cc2-88b4-4755-badd-62d9bfebdd85,2015-08-22 21:13:08
1440258326,Galantis,a7229e38-bab7-48c1-9f35-9b4c49738b0f,Pharmacy,aac532ef-ac44-46b5-b09d-a3ffcb2a389b,Runaway (U & I),0114fd9e-a867-4ad0-b7e0-d3b6e984dd23,2015-08-22 17:45:26
1440256767,Zugezogen Maskulin,5253c841-021b-4847-a80d-3821bc30bf0b,Alles brennt,,Plattenbau O.S.T.,8e13bc66-6569-4d2e-ba62-95075a16a920,2015-08-22 17:19:27
1440256492,Calvin Harris,8dd98bdc-80ec-4e93-8509-2f46bafc09a7,How Deep Is Your Love,,How Deep Is Your Love,47e32556-48db-41e7-b4e1-60953ac492c1,2015-08-22 17:14:52
1440256211,Duke Dumont,6060d1bb-94f8-4863-89b9-425487f2f6b2,EP1,9bda1638-5810-4577-8e57-79177e721b99,I Got U,0024bb88-d6ff-4ccb-a2fb-7175660572ab,2015-08-22 17:10:11
1440255392,Darius,,Velour,2691c644-a0da-498f-b625-2e8b4823eebb,Maliblue,a80c6675-9cf0-3deb-aa1b-87df6ebd5b3f,2015-08-22 16:56:32
1440255145,Kiesza,87ff5ccd-64cd-45d6-bba3-ba2647e85d74,Hideaway,08589a60-37fe-4e03-a8a4-23d8a233eb9e,Hideaway,01128a51-26fd-4b97-8e99-cbc365d0453b,2015-08-22 16:52:25
1440254926,ZHU,eca0569c-877e-4d72-a280-90581c2adfd5,Nightday (EP),,Faded,0575090c-bd01-4382-bfd5-ebb0204dfa39,2015-08-22 16:48:46
1440254750,Junior Senior,258f34b3-e8c3-4621-937f-ffc5a3dc9918,D-D-Don't Don't Stop the Beat,15dd6fc7-b20b-35d4-884d-532c9500efec,Move Your Feet,000aeaae-83f6-3afc-a608-3f73697d3fe7,2015-08-22 16:45:50
1440253709,Todd Terje,a0cded3a-4ca3-4ddb-8e46-ed9037f30aea,It's the Arps,,Inspector Norse,0365d7a2-c3bc-3255-96da-d57ed40e9f86,2015-08-22 16:28:29
1440253511,Gramatik,9b62a8a3-fcd5-4b51-a970-0f08a440ed6d,SB2,3883a819-5a0c-4634-b233-748c258a823d,Hit That Jive,1d5117af-8b55-4260-92e0-719a4ed784a9,2015-08-22 16:25:11
1440253256,Gold Panda,bfbccd40-1a06-4ee7-b24d-b2f8cc714fa9,Lucky Shiner,16d86cb8-0310-3505-a1ad-c932e56db331,You,0347430a-b086-3cd4-a770-99e78a246fe1,2015-08-22 16:20:56
1440252999,Route 94,e2d1f228-3aff-4e6d-8932-032f4036131b,My Love,,My Love,2df708ec-cd70-4c14-88ec-246c4315a3dc,2015-08-22 16:16:39
1440252714,Major Lazer,75be165a-ad83-4d12-bd28-f589a15c479f,Get Free,752b6095-a8ef-4398-a0d1-97a545289ebb,Get Free,006ebd5d-33ae-3d12-bcc8-5b51365ec5d5,2015-08-22 16:11:54
1440252462,Kavinsky,eb6de5f6-98f8-4b5a-bfdc-f87fa4936baa,OutRun,44217cae-f225-4d3c-919b-cd6d70fe392c,Nightcall,21388839-65ae-49a9-9434-f1b1ee339777,2015-08-22 16:07:42
1440252023,Galantis,a7229e38-bab7-48c1-9f35-9b4c49738b0f,Peanut Butter Jelly,1753a861-5ae6-42f3-b409-697ea8bb074d,Peanut Butter Jelly,041db61e-83aa-43b6-b3aa-96787d43e2ea,2015-08-22 16:00:23
1440251852,Major Lazer,75be165a-ad83-4d12-bd28-f589a15c479f,Peace Is the Mission,43c96ba7-a500-46c5-8522-934b718edb98,Lean On (feat. MØ & DJ Snake),,2015-08-22 15:57:32
1440251659,Jack Holiday,2a6098ee-c8cb-486d-8ac8-f81b53a1771d,Yes!,,Yes! - Radio Edit,,2015-08-22 15:54:19
1440251512,Y.V.E. 48,c2ddf453-e778-4579-8a8b-0688b7362480,All You Need,,All You Need - Night Mix Radio Edit,0d7e2e16-8b95-462f-8017-7377fd526c69,2015-08-22 15:51:52
1440251049,Philip George,ae1b2c50-d349-426d-a772-7628c7c098d6,Wish you were mine,2db0d7f5-54a1-4d3e-a4dc-4474fd0a9098,Wish You Were Mine - Radio Edit,93cb7bb2-2531-4629-a244-a087e69cb3c9,2015-08-22 15:44:09
1440250874,Klingande,,Riva (Restart the Game),0490ef41-2ab8-4afb-8a63-04d243ee1805,Riva (Restart The Game) - Single Edit,,2015-08-22 15:41:14
1440250679,Klingande,1faebb11-9c72-4a6f-8886-351efcab991e,Jubel,2afd20c8-53d7-4353-b6b7-510bbf48d78a,Jubel (Radio Edit),0ba9a6a3-b8a7-4858-85bc-e24b2ca86b86,2015-08-22 15:37:59
1440250522,Disciples,3ea50b79-fff7-478c-8d2e-5fdbb29283cf,They Don't Know (Radio Edit),,They Don't Know - Radio Edit,1dd1a645-f35f-4c05-9a58-112c3d6b1455,2015-08-22 15:35:22
1440249891,Yeah Yeah Yeahs,584c04d2-4acc-491b-8a0a-e63133f4bfc4,Heads Will Roll (A-trak Remix),17772988-7bf0-4a35-b505-530bd8ff1b01,Heads Will Roll (A-Trak Remix),0fa49b0b-4e1d-359a-bb7a-e0c6e4727222,2015-08-22 15:24:51
1440247637,Zugezogen Maskulin,5253c841-021b-4847-a80d-3821bc30bf0b,Alles brennt,,Plattenbau O.S.T.,8e13bc66-6569-4d2e-ba62-95075a16a920,2015-08-22 14:47:17
1440247431,Calvin Harris,8dd98bdc-80ec-4e93-8509-2f46bafc09a7,How Deep Is Your Love,,How Deep Is Your Love,47e32556-48db-41e7-b4e1-60953ac492c1,2015-08-22 14:43:51
1395213246,ÃûÕìÌ½¿ÂÄÏ,,,,Time after time,,2014-03-19 08:14:06
1379837052,Various Artists,e868e6e0-34ac-49cc-9915-3b415ae1dc4d,Ja Baixen,,Paquito el Chocolatero,,2013-09-22 10:04:12
1371230196,Comalcool,,,,Gata parda,,2013-06-14 19:16:36
1362174241,Ska Covers,,,,James Bond Theme,,2013-03-01 22:44:01
1361744804,Luis Pastor (F),,20 grandes canciones,,Estan cambiando los tiempos,,2013-02-24 23:26:44
1361379362,Quique González,27e948aa-6b38-4da2-acf6-8459964a130a,Delantera Mítica (Versión Comentada),,Comentario: La Fábrica,,2013-02-20 17:56:02
1361156672,Brian,,,,Cheers Theme,,2013-02-18 04:04:32
1357560580,Ska Covers,,,,James Bond Theme,,2013-01-07 13:09:40
1357226151,Brian,,,,Cheers Theme,,2013-01-03 16:15:51
1353771165,La Fuga,2aaf62d2-0018-4a34-a4c9-a03820febd6c,A las 12,,P'aqui P'alla,44eb52d8-11e2-3c7d-a813-0f3be9fdd0a8,2012-11-24 16:32:45
1353771164,La Fuga,2aaf62d2-0018-4a34-a4c9-a03820febd6c,A las 12,,P'aqui P'alla,44eb52d8-11e2-3c7d-a813-0f3be9fdd0a8,2012-11-24 16:32:44
1353767727,Los Secretos,ec5872e7-9d15-4624-b949-c82e700fd2e9,Gracias Por Elegirme,,Quiero beber hasta perder el control - con Fito Cabrales y Carlos Raya - Las Ventas 08,,2012-11-24 15:35:27
1350558726,Ska Covers,,,,James Bond Theme,,2012-10-18 13:12:06
1343977854,Kathleen Edwards,7e915503-cc34-43fa-a6d7-986ff909d5e9,Voyageur - Track By Track,,For The Record Intro,,2012-08-03 09:10:54
1343977183,Kathleen Edwards,7e915503-cc34-43fa-a6d7-986ff909d5e9,Voyageur - Track By Track,,Pink Champagne Intro,,2012-08-03 08:59:43
1343976980,Kathleen Edwards,7e915503-cc34-43fa-a6d7-986ff909d5e9,Voyageur - Track By Track,,Sidecar Intro,,2012-08-03 08:56:20
1343975785,Kathleen Edwards,7e915503-cc34-43fa-a6d7-986ff909d5e9,Voyageur - Track By Track,,A Soft Place To Land Intro,,2012-08-03 08:36:25
1343975441,Kathleen Edwards,7e915503-cc34-43fa-a6d7-986ff909d5e9,Voyageur - Track By Track,,Chameleon/Comedian Intro,,2012-08-03 08:30:41
1343975171,Kathleen Edwards,7e915503-cc34-43fa-a6d7-986ff909d5e9,Voyageur - Track By Track,,Album Intro,,2012-08-03 08:26:11
1343974658,Kathleen Edwards,7e915503-cc34-43fa-a6d7-986ff909d5e9,Voyageur - Track By Track,,For The Record Intro,,2012-08-03 08:17:38
1343973992,Kathleen Edwards,7e915503-cc34-43fa-a6d7-986ff909d5e9,Voyageur - Track By Track,,Pink Champagne Intro,,2012-08-03 08:06:32
1343973788,Kathleen Edwards,7e915503-cc34-43fa-a6d7-986ff909d5e9,Voyageur - Track By Track,,Sidecar Intro,,2012-08-03 08:03:08
1343972580,Kathleen Edwards,7e915503-cc34-43fa-a6d7-986ff909d5e9,Voyageur - Track By Track,,A Soft Place To Land Intro,,2012-08-03 07:43:00
1343972228,Kathleen Edwards,7e915503-cc34-43fa-a6d7-986ff909d5e9,Voyageur - Track By Track,,Chameleon/Comedian Intro,,2012-08-03 07:37:08
1343971959,Kathleen Edwards,7e915503-cc34-43fa-a6d7-986ff909d5e9,Voyageur - Track By Track,,Album Intro,,2012-08-03 07:32:39
1343971283,Kathleen Edwards,7e915503-cc34-43fa-a6d7-986ff909d5e9,Voyageur - Track By Track,,For The Record Intro,,2012-08-03 07:21:23
1343970619,Kathleen Edwards,7e915503-cc34-43fa-a6d7-986ff909d5e9,Voyageur - Track By Track,,Pink Champagne Intro,,2012-08-03 07:10:19
1343970384,Kathleen Edwards,7e915503-cc34-43fa-a6d7-986ff909d5e9,Voyageur - Track By Track,,Sidecar Intro,,2012-08-03 07:06:24
1343969170,Kathleen Edwards,7e915503-cc34-43fa-a6d7-986ff909d5e9,Voyageur - Track By Track,,A Soft Place To Land Intro,,2012-08-03 06:46:10
1343968857,Kathleen Edwards,7e915503-cc34-43fa-a6d7-986ff909d5e9,Voyageur - Track By Track,,Chameleon/Comedian Intro,,2012-08-03 06:40:57
1343968558,Kathleen Edwards,7e915503-cc34-43fa-a6d7-986ff909d5e9,Voyageur - Track By Track,,Album Intro,,2012-08-03 06:35:58
1341070889,B105,,"Labrat, Camilla and Stav Guests",,Entrevista Con Matchbox 20,,2012-06-30 17:41:29
1334641841,Solomon Burke,d5c79890-36c5-4f1b-bed3-4468eee093f3,Dirty Dancing: Ultimate Dirty Dancing,,Cry to Me,07dd6322-1d46-3543-af0c-5d7e765035b5,2012-04-17 07:50:41
1329514662,ÃûÕìÌ½¿ÂÄÏ,,ÃûÕìÌ½¿ÂÄÏ-MOVIE SONGS,,Time after time,,2012-02-17 22:37:42
1329514303,ÃûÕìÌ½¿ÂÄÏ,,ÃûÕìÌ½¿ÂÄÏ-MOVIE SONGS,,Time after time,,2012-02-17 22:31:43
1327842128,名侦探柯南,,名侦探柯南-MOVIE SONGS,,Time After Time,,2012-01-29 14:02:08
1327816038,坂本龍一,a7f7df4a-77d8-4f12-8acd-5c60c93f4de8,"Merry Christmas, Mr. Lawrence: Soundtrack From The Original Motion Picture",78f1b2b0-04ce-3a1f-bd2f-a4a90d70be61,Last Regrets,0517cd12-22ea-31fa-9d2d-28037516e889,2012-01-29 06:47:18
1322907259,ÃûÕìÌ½¿ÂÄÏ,,ÃûÕìÌ½¿ÂÄÏ-MOVIE SONGS,,Time after time,,2011-12-03 11:14:19
1322749035,John Mayer,144ef525-85e9-40c3-8335-02c32d0861f3,On His Own Live in L.A.,,Comfortable,03c9a3d3-41bf-39d4-bbe2-5c6604d35dc8,2011-12-01 15:17:15
1319762218,Sonata Arctica,319b1175-ced9-438f-986b-9239c3edd92d,Replica 2006,,Draw Me (Instrumental),193700b6-84b4-3dc3-a977-40b6b21bd3a8,2011-10-28 02:36:58
1319222434,Santana,,1971 Santana III,,_CDImage,,2011-10-21 20:40:34
1319010151,Andy Chango,,2002-Salam Alecum!,,unknow,,2011-10-19 09:42:31
1318610469,John Mayer,144ef525-85e9-40c3-8335-02c32d0861f3,Live at Borgata Event Center,,Say,1f2b370d-bad5-340a-9bdf-b2cac7414130,2011-10-14 18:41:09
1318386663,Duncan Dhu,,Coleccion 1985-1998 Cd 1,,-,,2011-10-12 04:31:03
1318386517,Duncan Dhu,,Coleccion 1985-1998 Cd 1,,-,,2011-10-12 04:28:37
1318355153,名侦探柯南,,名侦探柯南-MOVIE SONGS,,Time After Time,,2011-10-11 19:45:53
1318004253,John Mayer,144ef525-85e9-40c3-8335-02c32d0861f3,Live At Verizon Wireless Amphitheater,,Clarity,1b600359-2943-3f3f-ad68-4ad52d0fe786,2011-10-07 18:17:33
1316855861,John Mayer,144ef525-85e9-40c3-8335-02c32d0861f3,Live at Music Hall of Williamsburg,,Who Says,0bc77404-58dc-4d1b-9eec-9973c1974c06,2011-09-24 11:17:41
1316480605,The Beatles,,Love Janis (Rare Tracks),,(Don't Fear) The Reaper,,2011-09-20 03:03:25
1315962322,John Mayer,144ef525-85e9-40c3-8335-02c32d0861f3,Live At Verizon Wireless Amphitheater,,Bigger Than My Body,01844a91-1189-389d-b96a-5bb085875eb6,2011-09-14 03:05:22
1315949472,John Mayer,144ef525-85e9-40c3-8335-02c32d0861f3,Live at Rothbury Festival,,Say,1f2b370d-bad5-340a-9bdf-b2cac7414130,2011-09-13 23:31:12
1315354840,John Mayer,144ef525-85e9-40c3-8335-02c32d0861f3,Live at Music Hall of Williamsburg,,Comfortable,03c9a3d3-41bf-39d4-bbe2-5c6604d35dc8,2011-09-07 02:20:40
1314988250,John Mayer,,Live at Comcast Center,,Where Will I Be,,2011-09-02 20:30:50
1314560099,John Mayer Trio,,Live at The Viper Room,,Bold As Love/The Wind Cries Mary,,2011-08-28 21:34:59
1314353817,PSC unkonwn,,PSC,,Scooby Doo Theme,,2011-08-26 12:16:57
1314297711,John Mayer,144ef525-85e9-40c3-8335-02c32d0861f3,On His Own Live in L.A.,,'Happy Holidays',aaaaa540-81f3-466a-8519-f85457723201,2011-08-25 20:41:51
1314223074,John Mayer,144ef525-85e9-40c3-8335-02c32d0861f3,Live at Music Hall of Williamsburg,,Perfectly Lonely,04ece3a8-2401-4710-bdf3-ea45da8b0530,2011-08-24 23:57:54
1314216647,John Mayer,144ef525-85e9-40c3-8335-02c32d0861f3,On His Own Live in L.A.,,Crossroads,14bf923f-3cd8-3060-9751-10582d8947e3,2011-08-24 22:10:47
1314204049,John Mayer Trio,,Live at Webster Hall,,Feels Like Rain,,2011-08-24 18:40:49
1314148069,Los Abuelos de la Nada,,En Vivo En El Teatro Coliseo,,Bonus Track,,2011-08-24 03:07:49
1314053552,John Mayer,144ef525-85e9-40c3-8335-02c32d0861f3,On His Own Live in L.A.,,'I Have Had A Lot Of Sex To Your Music',f5de5e3d-c0b3-4fdc-b30d-be2faf2db355,2011-08-23 00:52:32
1314024679,坂本龍一,a7f7df4a-77d8-4f12-8acd-5c60c93f4de8,"Merry Christmas, Mr. Lawrence: Soundtrack From The Original Motion Picture",78f1b2b0-04ce-3a1f-bd2f-a4a90d70be61,The Seed,11b7e1e8-2978-3b04-a34a-4379cf966365,2011-08-22 16:51:19
1313991526,John Mayer,144ef525-85e9-40c3-8335-02c32d0861f3,Live at Susquehanna Bank Center,,Crossroads,14bf923f-3cd8-3060-9751-10582d8947e3,2011-08-22 07:38:46
1313835961,John Mayer,144ef525-85e9-40c3-8335-02c32d0861f3,On His Own Live in L.A.,,Missing You,343ec6a1-24c2-4e93-8d94-329a42fd379d,2011-08-20 12:26:01
1313784079,Duncan Dhu,,Coleccion 1985-1998 Cd 1,,-,,2011-08-19 22:01:19
1313782932,坂本龍一,a7f7df4a-77d8-4f12-8acd-5c60c93f4de8,"Merry Christmas, Mr. Lawrence: Soundtrack From The Original Motion Picture",78f1b2b0-04ce-3a1f-bd2f-a4a90d70be61,Last Regrets,0517cd12-22ea-31fa-9d2d-28037516e889,2011-08-19 21:42:12
1313742574,Andrés Calamaro,,,,El perro (con Joaquin Sabina),,2011-08-19 10:29:34
1313674226,John Mayer Trio,,Live at Bowery Ballroom,,Wait Until Tomorrow,1dd9107d-ecb6-3f30-be24-e58ccac75af2,2011-08-18 15:30:26
1313664719,Bhajan,,,,(jagjit singh) hare krishna h,,2011-08-18 12:51:59
1313463816,Punk Ska Covers,,,,La Bamba,,2011-08-16 05:03:36
1313453693,John Mayer,144ef525-85e9-40c3-8335-02c32d0861f3,On His Own Live in L.A.,,'Waking Up In The Morning With A Fresh Blackberry Check',535745bf-3eed-4728-a470-3e206c887c9e,2011-08-16 02:14:53
1313144836,John Mayer,144ef525-85e9-40c3-8335-02c32d0861f3,Live at Borgata Event Center,,Mercy,0b1dc406-9388-470f-80a6-bce5b99cf576,2011-08-12 12:27:16
1313143536,John Mayer,144ef525-85e9-40c3-8335-02c32d0861f3,Live at Susquehanna Bank Center,,The Wind Cries Mary,0bae8142-ecae-3803-9f43-caf4af3aaed4,2011-08-12 12:05:36
1313005254,John Mayer Trio,,Live at Webster Hall,,Machine Gun / Voodoo Chile (Slight Return),,2011-08-10 21:40:54
1312925860,John Mayer,144ef525-85e9-40c3-8335-02c32d0861f3,Live at Music Hall of Williamsburg,,Bigger Than My Body,01844a91-1189-389d-b96a-5bb085875eb6,2011-08-09 23:37:40
1312652180,Duncan Dhu,,Coleccion 1985-1998 Cd 1,,-,,2011-08-06 19:36:20
1312061561,John Mayer Trio,,Live at The Viper Room,,Feels Like Rain,,2011-07-30 23:32:41
1312022552,John Mayer,144ef525-85e9-40c3-8335-02c32d0861f3,On His Own Live in L.A.,,'Waking Up In The Morning With A Fresh Blackberry Check',535745bf-3eed-4728-a470-3e206c887c9e,2011-07-30 12:42:32
1311636424,O'Funk'illo,,Veintegenarios en Alburquerque,,Shook Me All Night Long,,2011-07-26 01:27:04
1310810318,The Chemical Brothers,,,,Chemical Brothers set,,2011-07-16 11:58:38
1310311137,Sonic Youth,5cbef01b-cc35-4f52-af7b-d0df0c4f61b9,,,Simpsons Theme,068ab913-3f3e-4d5a-a85e-38f88b643438,2011-07-10 17:18:57
1310254719,Ska Covers,,,,Star Wars,,2011-07-10 01:38:39
1310128163,PSC unkonwn,,PSC,,Scooby Doo Theme,,2011-07-08 14:29:23
1309914835,PSC unkonwn,,PSC,,Imperial March,,2011-07-06 03:13:55
1305161282,Ska Covers,,,,Star Wars,,2011-05-12 02:48:02
1304804350,Brian,,,,Cheers Theme,,2011-05-07 23:39:10
1304261082,PSC unkonwn,,PSC,,Smells Like Teen Spirit,,2011-05-01 16:44:42
1304212223,John Mayer,144ef525-85e9-40c3-8335-02c32d0861f3,On His Own Live in L.A.,,'Waking Up In The Morning With A Fresh Blackberry Check',535745bf-3eed-4728-a470-3e206c887c9e,2011-05-01 03:10:23
1304160358,Rosana,,Tristefeliz,,Accidentaly in love,,2011-04-30 12:45:58
1304030824,Brian,,,,Cheers Theme,,2011-04-29 00:47:04
1303762819,Andy Chango,,2002-Salam Alecum!,,unknow,,2011-04-25 22:20:19
1303053177,Ana Belén;Joan Manuel Serrat,,Mucho Mas Que Dos (Live In Concert),,Mediterráneo,,2011-04-17 17:12:57
1302885742,Ana Belén;Joan Manuel Serrat,,Mucho Mas Que Dos (Live In Concert),,Mediterráneo,,2011-04-15 18:42:22
1302466190,AVID All Stars,,Ultimate Hits Of The Musicals,1c2494fa-c81a-4fef-ab89-930fcf723c8e,Always Look On The Bright Side Of Life (In The Style Of Monty Python’s Spamalot),,2011-04-10 22:09:50
1301724596,Ana Belén;Joan Manuel Serrat,,Mucho Mas Que Dos (Live In Concert),,Mediterráneo,,2011-04-02 08:09:56
1301650780,Victor Manuel;Pablo Milanés,e9c8cad5-d9e2-4e64-9b4f-44cb5bc80701,Mucho Mas Que Dos (Live In Concert),,Sólo Pienso En Ti,,2011-04-01 11:39:40
1301438725,Dominique A,8ae5648d-d9b7-4083-b538-17f71672990f,La Musique,8daead06-b62e-401f-a2f6-4f88bde42242,Hasta que el cuerpo aguante,116c97af-2682-42c3-b815-8dcb8544f140,2011-03-30 00:45:25
1301397851,Ana Belén;Victor Manuel,,Mucho Mas Que Dos (Live In Concert),,Contamíname,,2011-03-29 13:24:11
1301290216,AVID All Stars,,Ultimate Hits Of The Musicals,1c2494fa-c81a-4fef-ab89-930fcf723c8e,Always Look On The Bright Side Of Life (In The Style Of Monty Python’s Spamalot),,2011-03-28 07:30:16
1301264134,Depeche Mode,,,,"Depeche Mode anoche en ""Distrito0"" para deleite de Julio que flipó en colorinchis",,2011-03-28 00:15:34
1296671836,PSC unkonwn,,PSC,,Imperial March,,2011-02-02 19:37:16
1296160673,PSC unkonwn,,PSC,,Imperial March,,2011-01-27 21:37:53
1296156832,Extremoduro,,Rock Transgresivo,3567d70c-612e-4cfd-b105-3059ef2e32e2,unedited,,2011-01-27 20:33:52
1295982006,PSC unkonwn,,PSC,,Imperial March,,2011-01-25 20:00:06
1295961584,PSC unkonwn,,PSC,,Titanic Theme,,2011-01-25 14:19:44
1295942521,PSC unkonwn,,PSC,,Imperial March,,2011-01-25 09:02:01
1295727282,PSC unkonwn,,PSC,,Titanic Theme,,2011-01-22 21:14:42
1295649181,The Box Tops,1c78ab62-db33-4433-8d0b-7c8dcf1849c2,1960-2,,The Letter,00eb1c48-8072-40f5-a071-3616a43d0ada,2011-01-21 23:33:01
1295648800,The Communards,7696c8a8-f971-4b8a-820e-b8bd922bfa57,Top 1000 Pop Hits of the 80's,,Don't Leave Me This Way,014b1470-da9e-365d-9fc7-d3890e78d5ae,2011-01-21 23:26:40
1295648517,Donna Summer,b60527cc-54f3-4bbe-a01b-dcf34c95ae14,Top 1000 Pop Hits of the 80's,,No More Tears,2cfe9dc1-9dee-4eb7-8fdb-8d460b4f03b5,2011-01-21 23:21:57
1295648054,Extremoduro,f59163ba-1a7a-4349-b0fd-fb9582ebe333,"Yo, Minoría Absoluta",,Luce la Oscuridad,30b603c3-565b-47ad-95ad-085bfbbf125b,2011-01-21 23:14:14
1295647648,Extremoduro,f59163ba-1a7a-4349-b0fd-fb9582ebe333,"Yo, Minoría Absoluta",,Cerca del Suelo,7654fa14-3ab6-3230-bf77-44aec7e1a6b8,2011-01-21 23:07:28
1295647433,Fairground Attraction,63f4a78d-009d-4579-98f6-810d15f18397,Top 1000 Pop Hits of the 80's,,Perfect,01873a44-a66a-3356-9430-a029303d233e,2011-01-21 23:03:53
1295647196,Hanson,,Middle of Nowhere,1bd57ee8-4fe8-421e-82dd-4b88399190b8,Mmm'Bop [1997],,2011-01-21 22:59:56
1295646809,Oasis,,The Early Years (Bootleg),,Don't Look Back (Acoustic Noel),,2011-01-21 22:53:29
1295646596,Brooks & Dunn,f30118c5-f783-4969-8427-f3c096378267,,,Cowgirls Don't Cry,0ba31023-767a-478a-ab81-02b7e18957b6,2011-01-21 22:49:56
1295646181,Sonata Arctica,319b1175-ced9-438f-986b-9239c3edd92d,Silence,152e6230-ea80-4672-8eee-71892b481ec2,The End of This Chapter,0af60e4f-c782-36c5-a7c6-fc0f4d2984fb,2011-01-21 22:43:01
1295645849,Stratovarius,c3d6fdd5-67c5-453e-87e3-d17a00a52879,Visions,0e14b2b2-6038-4758-a65b-1479771a23f7,Black Diamond,02f005fd-8b3e-35c6-a0b1-047d46ff4245,2011-01-21 22:37:29
1295645641,Matchbox Twenty,75af9d25-cf32-49c0-9192-60bd8e9784e6,Exile On Mainstream [Best Buy],,How Far We've Come,04525170-dffd-4072-b030-66b080a055ae,2011-01-21 22:34:01
1295645388,Anastacia,d3b2bec4-b70e-460e-b433-a865ceac2de8,Anastacia,2fdf2ed6-f0bc-46f7-8e56-1654591daaac,Left Outside Alone,0642053b-c251-4278-9b0e-94ae165f79b2,2011-01-21 22:29:48
1295645099,Stravaganzza,23304e16-a350-4306-b7eb-074e552bbbca,Hijo del miedo (19/05/2006),,Hijo de la Luna,035bddfa-2a83-4fa7-8f38-1675974922d5,2011-01-21 22:24:59
1295644797,Sinéad O'Connor,c78a77fa-507c-4c07-947a-0355029453bd,Top 1000 Pop Hits of the 80's,,Nothing Compares 2 U,00e36677-d36e-3688-8e2f-e66412075c59,2011-01-21 22:19:57
1295644589,TLC,,FanMail,058129f1-b546-4d5c-9db3-7d79641ac041,No Scrubs [1999],,2011-01-21 22:16:29
1295644069,The Jackson 5,e5257dc5-1edd-4fca-b7e6-1158e00522c8,Top 1000 Pop Hits of the 80's,,Can You Feel It,0024837f-49d7-4b17-9123-3e4d51d8966c,2011-01-21 22:07:49
1295643828,Extremoduro,f59163ba-1a7a-4349-b0fd-fb9582ebe333,Maquetas '90,bd5e731e-502c-4b2c-adf5-aa42a5c749be,Necesito Droga y Amor,79b876ea-889c-4dc4-bbe5-6439ee622f09,2011-01-21 22:03:48
1295643576,Muchachito Bombo Infierno,a059eb85-58fd-4afd-9379-84ba9f3528f4,Vamos que nos vamos,6b0c0780-d551-4378-9a60-1ede2a9ded6d,Más que Breve,bf761f8c-31c4-323a-b01c-a4bd866eeccc,2011-01-21 21:59:36
1295643285,Sabina,,Nos sobran los motivos (Eléctrico),,La del pirata cojo (live),,2011-01-21 21:54:45
1295642743,O'Funk'illo,19d80eab-8bd7-4b4b-8262-0a2ff3cce9f8,Antología,979274a9-2898-4a9a-80d4-9dda2f69cc5d,En El Campito,36d8f580-9d13-35f7-89b2-75587741b390,2011-01-21 21:45:43
1295642590,The Mighty Mighty Bosstones,779353f3-6401-4cda-a8a2-6fd3ec9bc11b,Metalliska - A Ska Tribute to 80's Metal,,Ain't Talkin' Bout Love,,2011-01-21 21:43:10
1295642406,Fleetwood Mac,bd13909f-1c29-4c27-a874-d4aaf27c5b1a,Very Best of Fleetwood Mac [Australia],,Don't Stop,02daa504-b460-33cf-9d54-80b9690de1e3,2011-01-21 21:40:06
1295642153,Garbage,f9ef7a22-4262-4596-a2a8-1d19345b8e50,Garbage,06acc62d-c75f-319d-86e8-b7a6fbfc0efe,Queer,00cb7c1f-b880-4116-8921-cfe0d0c4f39b,2011-01-21 21:35:53
1295641974,PSC unkonwn,,PSC,,Titanic Theme,,2011-01-21 21:32:54
1295641973,PSC unkonwn,,PSC,,Titanic Theme,,2011-01-21 21:32:53
1295641718,Depeche Mode,8538e728-ca0b-4321-b7e5-cff6565dd4c0,,,Enjoy the Silence,00141b04-c8e6-31d9-909b-954aafb95214,2011-01-21 21:28:38
1295641520,Fulanos de tal y la mengana band,,X Concurso Pop Rock Rivasvaciamadrid,,Feo,,2011-01-21 21:25:20
1295641255,Oasis,,What's the Story Morning Glory,,Don't Look Back in Anger,00627e23-d3e1-4efb-8506-6e9fea811eaf,2011-01-21 21:20:55
1295641015,Santana,,,,Oye Como Va (con Tito Puente),,2011-01-21 21:16:55
1295640684,Sonata Arctica,319b1175-ced9-438f-986b-9239c3edd92d,Reckoning Night,28cd14bf-806e-4ed9-970c-6151b0832c9b,Blinded No More,039e9253-172b-4181-a3d8-494784d70c55,2011-01-21 21:11:24
1295639862,Extremoduro,f59163ba-1a7a-4349-b0fd-fb9582ebe333,Agila,,sucede,11df660c-7df7-4bc5-b75b-3b6b75562ef4,2011-01-21 20:57:42
1295639559,Alaska y Los Pegamoides,d7a16aab-6822-4d14-985e-8f87a2602051,"Edad de Oro del Pop Español, La",,Bailando,0398ec23-493d-363e-b875-8396195997b9,2011-01-21 20:52:39
1295639379,Duncan Dhu,60a14c16-ac69-4898-b0cd-12cb87e327c9,,,La Barra De Este Hotel,1cc40ee7-a8ba-30f8-82f8-2622b9f28cf7,2011-01-21 20:49:39
1295639144,Platero y tú,2b4b6e6b-3e93-4902-8047-fbe76225f794,"Hay Mucho Rock 'n' Roll, Vol. 2",,¿Cómo Has Perdido Tú?,889664b7-8699-3f4a-ac70-fe1071077146,2011-01-21 20:45:44
1295639030,The Beatles,b10bbbfc-cf9e-42e0-be17-e2c3e1d2600d,"Past Masters, Vol. 1",,Matchbox,0083cb47-81a7-4cda-a77f-0f0ff6896162,2011-01-21 20:43:50
1295638814,Extremoduro,f59163ba-1a7a-4349-b0fd-fb9582ebe333,"Yo, Minoría Absoluta",,Hoy te la meto hasta las orejas,075ba87f-f207-33a3-b378-c28e99271464,2011-01-21 20:40:14
1295638483,La Bouche,,Sweet Dreams,046f429f-10bd-4445-9ac5-9feb40b83069,Be My Lover [1996],,2011-01-21 20:34:43
1295638128,Depeche Mode,8538e728-ca0b-4321-b7e5-cff6565dd4c0,Ultra,044f952b-7322-33a6-9167-c45530a7468c,It's No Good,01229b1d-6a73-417e-9e3a-65a92bd86cb0,2011-01-21 20:28:48
1295637942,Café Tacvba,c2b37a39-c66a-44b2-b190-a69485ae5d95,Caracter Latino 1,,No Controles,07258a36-59f6-4dfe-9ed3-ed88084920cb,2011-01-21 20:25:42
1295637728,La Fuga,2aaf62d2-0018-4a34-a4c9-a03820febd6c,Negociando Gasolina,2d554b56-5c5b-4602-a22b-bcdac26980e1,Amor de contenedor,3f77404c-c93f-4749-8acc-7e9cc0050a36,2011-01-21 20:22:08
1295637592,Neil Sedaka,577d92bd-32ac-48b6-86df-4db6b0b52fbf,BILLBOARD    Top Rock 'n' Roll Hits -1962,,Breaking up Is Hard to Do,0014d8b4-286e-3d22-b7e2-752bce23adda,2011-01-21 20:19:52
1295637288,Platero y tú,2b4b6e6b-3e93-4902-8047-fbe76225f794,Muy deficiente,7a0fb484-16ac-4ee5-a68c-c2bffef87084,Desertor,822c9b00-50fb-3b4c-81ec-f864c25ed216,2011-01-21 20:14:48
1295637019,The Chemical Brothers,1946a82a-f927-40c2-8235-38d64f50d043,,,Hey Boy Hey Girl,00b639aa-ebfb-39d1-9108-054bc11c09eb,2011-01-21 20:10:19
1295636786,Toby Keith,2f951906-5629-4fef-a260-5033151c162a,Country varios,,I Love This Bar,09d59b44-3963-4338-8f68-a67342eaa931,2011-01-21 20:06:26
1295636442,Kortatu,74241690-77b4-4ce7-8237-9f71a14f50b7,Kortatu,457c7a51-a8f3-4198-b0c9-f84b9952cc17,Sarri sarri,17db8fd4-65d7-3938-bff9-82247ce661ba,2011-01-21 20:00:42
1295636285,The Beatles,b10bbbfc-cf9e-42e0-be17-e2c3e1d2600d,Anthology 2,04415eb9-8d8b-44e6-bdb0-8ef7931ae5db,Yesterday,00ccfaac-4163-44c6-a921-c49c334d3d8f,2011-01-21 19:58:05
1295636035,Khaled,,,,Aisha (Original Version),,2011-01-21 19:53:55
1295635684,The Verve,d4d17620-fd97-4574-92a8-a2cb7e72ce42,Urban Hymns,072f2f54-ba3e-4681-af2f-3374993efc99,Bitter Sweet Symphony,02ae516c-e6fa-3092-b01c-009ad28243b4,2011-01-21 19:48:04
1295564703,PSC unkonwn,,PSC,,Scooby Doo Theme,,2011-01-21 00:05:03
1295006908,Sonata Arctica,,Ecliptica Re-issue,,I Wanna Be Your Dog,,2011-01-14 13:08:28
1295000429,PSC unkonwn,,PSC,,Imperial March,,2011-01-14 11:20:29
1294441279,Platero y tú,,"Hay Mucho Rock 'n' Roll, Vol. 2",,EVERY LITTLE THING SHE DOES IS MAGIC,,2011-01-08 00:01:19
1294101974,PSC unkonwn,,PSC,,You are beautiful,,2011-01-04 01:46:14
1293919788,PSC unkonwn,,PSC,,Imperial March,,2011-01-01 23:09:48
1292906148,Unkown,,,,Música irlandesa con ladridos d perro,,2010-12-21 05:35:48
1292860387,PSC unkonwn,,PSC,,BSO El Padrino (Tema Principal),,2010-12-20 16:53:07
1292809027,Animals,,,,City of Gold,,2010-12-20 02:37:07
1292764109,PSC unkonwn,,PSC,,I will survive,,2010-12-19 14:08:29
1292763868,PSC unkonwn,,PSC,,Tainted Love,,2010-12-19 14:04:28
1292763524,PSC unkonwn,,PSC,,I Want It That Way,,2010-12-19 13:58:44
1291755524,B105,,"Labrat, Camilla and Stav Guests",,Matchbox 20,,2010-12-07 21:58:44
